1	20703384
2	852647
3	110952
4	43235
5	24272
6	15672
7	9934
8	7219
9	5532
10	4249
11	3214
12	2245
13	1812
14	1508
15	1224
16	1039
17	795
18	587
19	497
20	444
21	397
22	333
23	304
24	245
25	212
26	186
27	158
28	148
29	108
30	114
31	165
32	154
33	159
34	150
35	159
36	185
37	164
38	201
39	226
40	222
41	277
42	286
43	346
44	363
45	415
46	455
47	542
48	560
49	626
50	684
51	709
52	792
53	829
54	873
55	996
56	1083
57	1222
58	1304
59	1381
60	1585
61	1666
62	1699
63	1915
64	2168
65	2250
66	2354
67	2634
68	2795
69	3064
70	3180
71	3482
72	3694
73	4108
74	4355
75	4556
76	4917
77	5205
78	5634
79	5871
80	6079
81	6585
82	6842
83	7340
84	7599
85	8374
86	8472
87	9049
88	9775
89	10061
90	10928
91	11367
92	11870
93	12290
94	13040
95	13378
96	13831
97	14545
98	15210
99	15728
100	16568
101	17019
102	17525
103	18304
104	19163
105	19446
106	20600
107	20988
108	21566
109	22182
110	22922
111	23290
112	23891
113	24870
114	25509
115	26059
116	26910
117	27354
118	28182
119	28448
120	29745
121	29712
122	30271
123	30376
124	31214
125	31964
126	32118
127	33040
128	33506
129	33782
130	34111
131	34623
132	34375
133	34741
134	35019
135	35247
136	35522
137	35872
138	35887
139	36091
140	36117
141	36534
142	36282
143	36950
144	36865
145	36993
146	37094
147	36793
148	37056
149	36365
150	36723
151	36692
152	36338
153	36282
154	36549
155	36250
156	35780
157	36002
158	35878
159	35470
160	35424
161	34928
162	34473
163	34093
164	33817
165	33805
166	32984
167	32663
168	32519
169	32245
170	31209
171	30871
172	30888
173	30368
174	30077
175	29376
176	29195
177	28880
178	28196
179	28221
180	27827
181	27072
182	26427
183	26079
184	25681
185	25025
186	24726
187	24203
188	23563
189	22976
190	22575
191	21860
192	21988
193	20954
194	20526
195	19980
196	19635
197	19458
198	18702
199	18493
200	17949
201	17550
202	17098
203	16550
204	16273
205	15679
206	15286
207	14586
208	14458
209	13992
210	13711
211	13344
212	13095
213	12794
214	12328
215	12112
216	11846
217	11527
218	11325
219	10844
220	10493
221	10138
222	9752
223	9822
224	9376
225	9166
226	8913
227	8653
228	8278
229	8113
230	8003
231	7682
232	7342
233	7097
234	6815
235	6676
236	6568
237	6231
238	6237
239	5935
240	5711
241	5441
242	5162
243	5026
244	4889
245	4783
246	4615
247	4456
248	4369
249	4279
250	4029
251	3851
252	3830
253	3790
254	3592
255	3474
256	3246
257	3337
258	3100
259	3000
260	3010
261	2828
262	2718
263	2589
264	2503
265	2339
266	2373
267	2240
268	2144
269	2181
270	2029
271	1976
272	1896
273	1903
274	1746
275	1671
276	1635
277	1526
278	1524
279	1495
280	1332
281	1281
282	1225
283	1193
284	1066
285	1089
286	1042
287	983
288	890
289	877
290	779
291	880
292	824
293	805
294	728
295	736
296	715
297	699
298	680
299	632
300	623
301	638
302	588
303	602
304	581
305	501
306	517
307	482
308	480
309	433
310	399
311	382
312	373
313	357
314	327
315	365
316	330
317	309
318	284
319	284
320	299
321	272
322	278
323	264
324	242
325	241
326	244
327	263
328	220
329	229
330	221
331	237
332	209
333	177
334	185
335	205
336	160
337	185
338	182
339	175
340	178
341	173
342	168
343	163
344	129
345	143
346	145
347	172
348	154
349	117
350	125
351	136
352	118
353	123
354	118
355	123
356	123
357	119
358	103
359	111
360	127
361	102
362	107
363	108
364	102
365	88
366	90
367	108
368	106
369	102
370	91
371	93
372	92
373	108
374	85
375	87
376	104
377	95
378	73
379	79
380	77
381	68
382	66
383	68
384	73
385	75
386	60
387	68
388	72
389	74
390	84
391	73
392	73
393	89
394	77
395	89
396	61
397	62
398	66
399	85
400	84
401	94
402	92
403	75
404	84
405	57
406	73
407	70
408	75
409	76
410	58
411	58
412	65
413	62
414	67
415	60
416	66
417	56
418	72
419	54
420	73
421	58
422	68
423	49
424	52
425	62
426	68
427	62
428	56
429	56
430	58
431	46
432	48
433	59
434	66
435	52
436	57
437	46
438	53
439	45
440	48
441	75
442	58
443	51
444	54
445	49
446	57
447	46
448	49
449	56
450	49
451	47
452	55
453	46
454	41
455	45
456	38
457	32
458	51
459	53
460	49
461	57
462	58
463	68
464	66
465	53
466	42
467	54
468	41
469	56
470	47
471	60
472	52
473	60
474	51
475	44
476	59
477	54
478	41
479	62
480	43
481	55
482	49
483	57
484	41
485	42
486	42
487	42
488	37
489	42
490	32
491	36
492	33
493	48
494	49
495	36
496	51
497	29
498	43
499	38
500	39
501	32
502	31
503	31
504	31
505	33
506	30
507	36
508	33
509	40
510	40
511	37
512	33
513	39
514	27
515	41
516	42
517	35
518	42
519	37
520	40
521	44
522	45
523	51
524	41
525	37
526	31
527	42
528	37
529	41
530	29
531	25
532	42
533	31
534	36
535	39
536	38
537	25
538	35
539	33
540	32
541	25
542	25
543	24
544	21
545	27
546	25
547	28
548	21
549	25
550	18
551	20
552	21
553	26
554	21
555	34
556	24
557	26
558	24
559	25
560	40
561	28
562	27
563	23
564	16
565	20
566	23
567	24
568	23
569	21
570	21
571	21
572	30
573	29
574	18
575	20
576	25
577	22
578	23
579	17
580	24
581	21
582	22
583	16
584	19
585	26
586	11
587	20
588	19
589	25
590	25
591	14
592	18
593	13
594	14
595	13
596	15
597	21
598	19
599	17
600	16
601	14
602	15
603	16
604	14
605	10
606	24
607	13
608	17
609	14
610	17
611	18
612	15
613	27
614	11
615	19
616	21
617	23
618	15
619	21
620	15
621	19
622	11
623	17
624	19
625	16
626	19
627	15
628	21
629	12
630	18
631	17
632	14
633	15
634	22
635	17
636	11
637	20
638	16
639	14
640	16
641	16
642	16
643	22
644	18
645	17
646	19
647	16
648	13
649	7
650	13
651	13
652	18
653	15
654	17
655	16
656	18
657	15
658	15
659	14
660	15
661	10
662	13
663	12
664	11
665	12
666	24
667	9
668	14
669	19
670	18
671	24
672	13
673	18
674	13
675	15
676	13
677	25
678	15
679	13
680	16
681	18
682	17
683	13
684	12
685	15
686	18
687	15
688	21
689	14
690	10
691	20
692	14
693	11
694	15
695	10
696	17
697	16
698	15
699	16
700	11
701	16
702	19
703	20
704	21
705	12
706	11
707	13
708	19
709	9
710	17
711	17
712	16
713	13
714	10
715	15
716	14
717	10
718	13
719	11
720	14
721	17
722	18
723	14
724	18
725	17
726	14
727	18
728	21
729	23
730	17
731	16
732	12
733	11
734	11
735	16
736	21
737	13
738	10
739	13
740	14
741	13
742	15
743	12
744	15
745	13
746	14
747	22
748	10
749	20
750	10
751	17
752	11
753	13
754	16
755	10
756	14
757	9
758	8
759	11
760	14
761	14
762	14
763	8
764	10
765	13
766	9
767	16
768	16
769	12
770	15
771	11
772	18
773	5
774	8
775	9
776	9
777	11
778	11
779	10
780	17
781	10
782	12
783	15
784	6
785	11
786	17
787	14
788	12
789	9
790	18
791	13
792	12
793	20
794	9
795	9
796	11
797	13
798	13
799	11
800	15
801	12
802	12
803	9
804	20
805	8
806	14
807	15
808	21
809	13
810	14
811	14
812	19
813	12
814	9
815	9
816	12
817	15
818	9
819	4
820	11
821	13
822	15
823	10
824	13
825	9
826	7
827	16
828	18
829	17
830	11
831	6
832	10
833	5
834	5
835	17
836	10
837	15
838	9
839	9
840	7
841	12
842	8
843	9
844	6
845	11
846	12
847	9
848	5
849	18
850	8
851	7
852	10
853	7
854	12
855	20
856	15
857	9
858	8
859	14
860	9
861	11
862	16
863	9
864	8
865	8
866	14
867	13
868	17
869	9
870	12
871	18
872	9
873	13
874	7
875	11
876	3
877	7
878	11
879	7
880	13
881	5
882	14
883	8
884	11
885	6
886	11
887	10
888	14
889	11
890	7
891	15
892	16
893	8
894	6
895	10
896	5
897	12
898	7
899	13
900	12
901	12
902	11
903	12
904	9
905	9
906	9
907	4
908	8
909	6
910	10
911	8
912	5
913	10
914	9
915	9
916	10
917	6
918	5
919	14
920	13
921	9
922	13
923	6
924	6
925	11
926	17
927	11
928	17
929	11
930	13
931	10
932	12
933	11
934	13
935	13
936	14
937	11
938	12
939	11
940	5
941	13
942	15
943	6
944	3
945	6
946	8
947	10
948	17
949	10
950	7
951	7
952	7
953	11
954	5
955	10
956	7
957	13
958	11
959	8
960	6
961	13
962	10
963	6
964	10
965	4
966	12
967	12
968	8
969	12
970	11
971	8
972	9
973	10
974	4
975	13
976	6
977	13
978	9
979	7
980	4
981	11
982	11
983	16
984	14
985	9
986	11
987	11
988	5
989	8
990	10
991	15
992	6
993	6
994	7
995	9
996	6
997	6
998	11
999	10
1000	12
1001	12
1002	6
1003	7
1004	9
1005	16
1006	9
1007	15
1008	9
1009	9
1010	5
1011	9
1012	7
1013	7
1014	12
1015	12
1016	11
1017	5
1018	6
1019	11
1020	6
1021	6
1022	6
1023	5
1024	5
1025	4
1026	5
1027	11
1028	4
1029	7
1030	8
1031	3
1032	5
1033	6
1034	8
1035	8
1036	7
1037	12
1038	8
1039	7
1040	4
1041	9
1042	2
1043	7
1044	5
1045	2
1046	3
1047	5
1048	8
1049	5
1050	4
1051	5
1052	6
1053	6
1054	5
1055	7
1056	7
1057	6
1058	8
1059	13
1060	4
1061	6
1062	6
1063	4
1064	3
1065	1
1066	3
1067	6
1068	2
1069	4
1070	5
1071	4
1072	6
1073	7
1074	12
1075	3
1076	8
1077	9
1078	5
1079	6
1080	6
1081	2
1082	7
1083	4
1084	7
1085	7
1086	5
1087	1
1088	6
1089	5
1090	4
1091	7
1092	4
1093	6
1094	8
1095	5
1096	7
1097	6
1098	7
1099	10
1100	2
1101	3
1102	2
1103	5
1104	6
1105	9
1106	6
1107	6
1108	5
1109	3
1110	4
1111	6
1112	3
1113	12
1114	7
1115	6
1116	7
1117	7
1118	6
1119	3
1120	3
1121	10
1122	7
1123	6
1124	4
1125	2
1126	7
1127	9
1128	4
1129	1
1130	3
1131	3
1132	8
1133	8
1134	4
1135	5
1136	3
1137	2
1138	4
1139	7
1140	8
1141	6
1142	6
1143	5
1144	4
1145	0
1146	5
1147	3
1148	2
1149	5
1150	9
1151	6
1152	2
1153	2
1154	4
1155	10
1156	3
1157	4
1158	4
1159	3
1160	5
1161	4
1162	0
1163	2
1164	3
1165	6
1166	7
1167	7
1168	5
1169	4
1170	5
1171	7
1172	4
1173	6
1174	6
1175	3
1176	8
1177	5
1178	4
1179	4
1180	8
1181	7
1182	4
1183	4
1184	5
1185	4
1186	7
1187	6
1188	4
1189	7
1190	7
1191	6
1192	4
1193	11
1194	6
1195	4
1196	2
1197	8
1198	10
1199	5
1200	7
1201	4
1202	5
1203	7
1204	6
1205	1
1206	6
1207	7
1208	6
1209	7
1210	6
1211	2
1212	3
1213	5
1214	5
1215	3
1216	4
1217	5
1218	3
1219	5
1220	1
1221	11
1222	3
1223	6
1224	3
1225	5
1226	7
1227	3
1228	4
1229	6
1230	4
1231	8
1232	6
1233	3
1234	7
1235	8
1236	2
1237	1
1238	2
1239	5
1240	8
1241	6
1242	5
1243	4
1244	4
1245	9
1246	4
1247	9
1248	6
1249	9
1250	3
1251	10
1252	3
1253	2
1254	4
1255	5
1256	3
1257	10
1258	3
1259	4
1260	11
1261	14
1262	7
1263	7
1264	6
1265	12
1266	7
1267	11
1268	9
1269	6
1270	6
1271	5
1272	9
1273	7
1274	8
1275	11
1276	7
1277	3
1278	6
1279	11
1280	5
1281	11
1282	5
1283	7
1284	3
1285	10
1286	6
1287	7
1288	4
1289	6
1290	7
1291	9
1292	9
1293	3
1294	2
1295	4
1296	5
1297	7
1298	5
1299	3
1300	6
1301	1
1302	1
1303	4
1304	6
1305	9
1306	5
1307	7
1308	4
1309	6
1310	3
1311	3
1312	4
1313	3
1314	6
1315	0
1316	4
1317	3
1318	3
1319	1
1320	4
1321	7
1322	0
1323	1
1324	2
1325	4
1326	5
1327	0
1328	4
1329	6
1330	5
1331	2
1332	5
1333	6
1334	2
1335	3
1336	0
1337	3
1338	2
1339	4
1340	1
1341	1
1342	6
1343	3
1344	4
1345	1
1346	2
1347	2
1348	3
1349	3
1350	3
1351	4
1352	2
1353	6
1354	2
1355	1
1356	2
1357	1
1358	1
1359	2
1360	3
1361	5
1362	4
1363	2
1364	5
1365	4
1366	0
1367	1
1368	2
1369	3
1370	3
1371	3
1372	1
1373	2
1374	5
1375	4
1376	3
1377	3
1378	1
1379	3
1380	2
1381	1
1382	3
1383	0
1384	6
1385	4
1386	3
1387	2
1388	2
1389	2
1390	1
1391	5
1392	1
1393	0
1394	3
1395	1
1396	7
1397	3
1398	3
1399	2
1400	1
1401	1
1402	4
1403	4
1404	2
1405	2
1406	3
1407	3
1408	3
1409	3
1410	1
1411	2
1412	0
1413	2
1414	2
1415	2
1416	1
1417	2
1418	4
1419	6
1420	2
1421	2
1422	1
1423	2
1424	5
1425	4
1426	1
1427	4
1428	2
1429	1
1430	1
1431	0
1432	4
1433	3
1434	2
1435	2
1436	3
1437	3
1438	0
1439	5
1440	3
1441	0
1442	4
1443	1
1444	2
1445	2
1446	1
1447	1
1448	0
1449	4
1450	2
1451	3
1452	2
1453	1
1454	3
1455	1
1456	4
1457	2
1458	3
1459	1
1460	5
1461	2
1462	2
1463	2
1464	0
1465	1
1466	1
1467	5
1468	2
1469	1
1470	1
1471	0
1472	1
1473	1
1474	1
1475	1
1476	3
1477	2
1478	1
1479	2
1480	0
1481	1
1482	1
1483	1
1484	3
1485	2
1486	4
1487	0
1488	1
1489	1
1490	2
1491	1
1492	2
1493	1
1494	3
1495	0
1496	3
1497	2
1498	2
1499	0
1500	1
1501	1
1502	1
1503	0
1504	1
1505	0
1506	0
1507	1
1508	2
1509	1
1510	2
1511	1
1512	1
1513	2
1514	3
1515	1
1516	0
1517	2
1518	0
1519	1
1520	1
1521	0
1522	0
1523	0
1524	0
1525	1
1526	2
1527	3
1528	1
1529	1
1530	0
1531	0
1532	0
1533	0
1534	2
1535	0
1536	4
1537	3
1538	2
1539	3
1540	0
1541	1
1542	1
1543	0
1544	0
1545	1
1546	3
1547	3
1548	1
1549	2
1550	0
1551	1
1552	0
1553	0
1554	3
1555	1
1556	1
1557	4
1558	4
1559	0
1560	0
1561	0
1562	2
1563	1
1564	1
1565	1
1566	3
1567	1
1568	0
1569	0
1570	1
1571	2
1572	1
1573	0
1574	1
1575	2
1576	2
1577	0
1578	3
1579	0
1580	1
1581	1
1582	1
1583	2
1584	2
1585	2
1586	1
1587	4
1588	0
1589	0
1590	0
1591	2
1592	3
1593	2
1594	2
1595	2
1596	2
1597	0
1598	1
1599	2
1600	1
1601	0
1602	5
1603	3
1604	0
1605	2
1606	7
1607	3
1608	6
1609	2
1610	2
1611	2
1612	2
1613	0
1614	2
1615	2
1616	2
1617	1
1618	1
1619	3
1620	0
1621	1
1622	1
1623	1
1624	4
1625	3
1626	0
1627	3
1628	7
1629	3
1630	1
1631	3
1632	0
1633	3
1634	0
1635	3
1636	0
1637	2
1638	1
1639	2
1640	3
1641	1
1642	0
1643	0
1644	0
1645	0
1646	1
1647	2
1648	0
1649	1
1650	2
1651	1
1652	2
1653	2
1654	0
1655	3
1656	2
1657	3
1658	1
1659	2
1660	2
1661	0
1662	1
1663	0
1664	4
1665	3
1666	2
1667	0
1668	3
1669	1
1670	1
1671	3
1672	3
1673	1
1674	2
1675	2
1676	3
1677	1
1678	3
1679	2
1680	4
1681	3
1682	1
1683	0
1684	3
1685	0
1686	1
1687	0
1688	0
1689	0
1690	2
1691	1
1692	0
1693	1
1694	2
1695	0
1696	4
1697	0
1698	0
1699	1
1700	2
1701	1
1702	3
1703	0
1704	2
1705	0
1706	1
1707	0
1708	2
1709	1
1710	0
1711	0
1712	0
1713	0
1714	1
1715	1
1716	1
1717	0
1718	0
1719	0
1720	0
1721	1
1722	0
1723	0
1724	0
1725	0
1726	0
1727	1
1728	0
1729	0
1730	0
1731	0
1732	2
1733	0
1734	1
1735	0
1736	0
1737	0
1738	1
1739	1
1740	1
1741	0
1742	0
1743	0
1744	1
1745	0
1746	0
1747	0
1748	0
1749	3
1750	2
1751	0
1752	1
1753	0
1754	3
1755	3
1756	0
1757	2
1758	3
1759	1
1760	3
1761	0
1762	1
1763	2
1764	0
1765	1
1766	0
1767	1
1768	2
1769	2
1770	0
1771	1
1772	0
1773	0
1774	0
1775	3
1776	1
1777	3
1778	2
1779	1
1780	2
1781	1
1782	2
1783	0
1784	1
1785	0
1786	0
1787	1
1788	1
1789	3
1790	2
1791	3
1792	0
1793	0
1794	0
1795	1
1796	2
1797	1
1798	0
1799	1
1800	1
1801	0
1802	0
1803	0
1804	0
1805	2
1806	1
1807	0
1808	3
1809	2
1810	0
1811	2
1812	0
1813	1
1814	2
1815	3
1816	0
1817	3
1818	0
1819	1
1820	3
1821	1
1822	0
1823	2
1824	1
1825	0
1826	0
1827	1
1828	1
1829	1
1830	0
1831	0
1832	3
1833	1
1834	3
1835	1
1836	1
1837	0
1838	1
1839	1
1840	1
1841	0
1842	1
1843	1
1844	0
1845	1
1846	0
1847	1
1848	2
1849	0
1850	0
1851	0
1852	0
1853	2
1854	1
1855	0
1856	0
1857	0
1858	1
1859	1
1860	1
1861	0
1862	2
1863	1
1864	1
1865	1
1866	2
1867	3
1868	3
1869	1
1870	1
1871	1
1872	0
1873	4
1874	1
1875	0
1876	1
1877	0
1878	2
1879	0
1880	0
1881	1
1882	3
1883	0
1884	4
1885	2
1886	1
1887	3
1888	0
1889	3
1890	0
1891	1
1892	0
1893	1
1894	1
1895	1
1896	0
1897	1
1898	2
1899	3
1900	1
1901	6
1902	2
1903	2
1904	2
1905	2
1906	1
1907	2
1908	1
1909	0
1910	2
1911	0
1912	1
1913	2
1914	1
1915	2
1916	0
1917	1
1918	0
1919	1
1920	1
1921	0
1922	3
1923	2
1924	1
1925	4
1926	3
1927	2
1928	0
1929	2
1930	2
1931	1
1932	3
1933	1
1934	0
1935	1
1936	1
1937	1
1938	2
1939	0
1940	1
1941	2
1942	2
1943	3
1944	3
1945	0
1946	1
1947	3
1948	4
1949	1
1950	2
1951	1
1952	0
1953	1
1954	2
1955	5
1956	2
1957	2
1958	2
1959	0
1960	1
1961	3
1962	2
1963	1
1964	1
1965	2
1966	4
1967	3
1968	9
1969	0
1970	4
1971	4
1972	5
1973	1
1974	3
1975	2
1976	1
1977	2
1978	1
1979	3
1980	0
1981	1
1982	1
1983	3
1984	0
1985	2
1986	5
1987	1
1988	1
1989	1
1990	1
1991	1
1992	1
1993	2
1994	0
1995	3
1996	0
1997	1
1998	3
1999	0
2000	0
2001	5
2002	0
2003	4
2004	1
2005	3
2006	1
2007	1
2008	2
2009	1
2010	3
2011	1
2012	2
2013	2
2014	3
2015	1
2016	3
2017	2
2018	1
2019	0
2020	2
2021	3
2022	1
2023	0
2024	3
2025	2
2026	0
2027	0
2028	4
2029	3
2030	2
2031	1
2032	2
2033	3
2034	3
2035	3
2036	1
2037	2
2038	2
2039	2
2040	0
2041	1
2042	3
2043	0
2044	0
2045	2
2046	0
2047	0
2048	0
2049	0
2050	0
2051	0
2052	1
2053	2
2054	1
2055	4
2056	0
2057	1
2058	1
2059	0
2060	2
2061	0
2062	1
2063	0
2064	1
2065	0
2066	2
2067	0
2068	1
2069	2
2070	1
2071	0
2072	1
2073	2
2074	0
2075	0
2076	1
2077	2
2078	1
2079	0
2080	0
2081	0
2082	0
2083	0
2084	1
2085	0
2086	1
2087	2
2088	1
2089	2
2090	0
2091	1
2092	0
2093	1
2094	0
2095	1
2096	0
2097	1
2098	1
2099	3
2100	1
2101	3
2102	0
2103	0
2104	1
2105	2
2106	2
2107	2
2108	1
2109	0
2110	0
2111	0
2112	1
2113	1
2114	1
2115	3
2116	1
2117	2
2118	1
2119	1
2120	0
2121	0
2122	1
2123	0
2124	1
2125	1
2126	1
2127	2
2128	0
2129	1
2130	1
2131	1
2132	1
2133	2
2134	1
2135	0
2136	0
2137	1
2138	1
2139	0
2140	1
2141	1
2142	0
2143	0
2144	2
2145	0
2146	3
2147	0
2148	0
2149	1
2150	0
2151	1
2152	0
2153	0
2154	0
2155	2
2156	1
2157	0
2158	0
2159	0
2160	1
2161	0
2162	1
2163	2
2164	1
2165	1
2166	1
2167	0
2168	0
2169	0
2170	0
2171	0
2172	0
2173	2
2174	0
2175	0
2176	1
2177	0
2178	1
2179	2
2180	0
2181	1
2182	0
2183	0
2184	0
2185	1
2186	0
2187	1
2188	0
2189	0
2190	0
2191	0
2192	0
2193	2
2194	1
2195	0
2196	0
2197	0
2198	1
2199	0
2200	0
2201	0
2202	0
2203	0
2204	1
2205	1
2206	0
2207	2
2208	1
2209	0
2210	3
2211	0
2212	1
2213	0
2214	2
2215	1
2216	0
2217	0
2218	0
2219	0
2220	1
2221	0
2222	0
2223	1
2224	0
2225	1
2226	1
2227	2
2228	0
2229	1
2230	1
2231	1
2232	0
2233	1
2234	0
2235	0
2236	0
2237	0
2238	1
2239	3
2240	0
2241	1
2242	1
2243	0
2244	1
2245	1
2246	4
2247	2
2248	1
2249	0
2250	1
2251	0
2252	1
2253	1
2254	2
2255	1
2256	1
2257	1
2258	1
2259	0
2260	1
2261	2
2262	0
2263	0
2264	0
2265	0
2266	2
2267	2
2268	0
2269	0
2270	0
2271	0
2272	0
2273	1
2274	1
2275	1
2276	0
2277	1
2278	0
2279	3
2280	1
2281	0
2282	0
2283	0
2284	2
2285	0
2286	1
2287	0
2288	2
2289	0
2290	1
2291	0
2292	1
2293	4
2294	1
2295	1
2296	0
2297	0
2298	1
2299	1
2300	0
2301	0
2302	0
2303	2
2304	1
2305	2
2306	0
2307	0
2308	0
2309	1
2310	1
2311	1
2312	0
2313	0
2314	0
2315	0
2316	0
2317	1
2318	0
2319	0
2320	0
2321	0
2322	1
2323	0
2324	2
2325	1
2326	0
2327	1
2328	0
2329	0
2330	0
2331	0
2332	1
2333	0
2334	0
2335	1
2336	0
2337	0
2338	0
2339	1
2340	0
2341	0
2342	0
2343	0
2344	0
2345	0
2346	1
2347	0
2348	0
2349	0
2350	0
2351	1
2352	0
2353	1
2354	0
2355	0
2356	1
2357	0
2358	0
2359	0
2360	1
2361	1
2362	0
2363	1
2364	1
2365	0
2366	0
2367	1
2368	0
2369	0
2370	0
2371	1
2372	0
2373	0
2374	1
2375	0
2376	0
2377	0
2378	0
2379	1
2380	2
2381	1
2382	1
2383	0
2384	0
2385	1
2386	2
2387	0
2388	1
2389	0
2390	0
2391	0
2392	1
2393	0
2394	1
2395	0
2396	1
2397	0
2398	0
2399	0
2400	0
2401	0
2402	0
2403	0
2404	0
2405	0
2406	0
2407	1
2408	0
2409	1
2410	0
2411	0
2412	0
2413	1
2414	1
2415	0
2416	0
2417	1
2418	1
2419	1
2420	0
2421	0
2422	1
2423	0
2424	0
2425	0
2426	0
2427	0
2428	1
2429	0
2430	0
2431	0
2432	0
2433	0
2434	0
2435	0
2436	0
2437	0
2438	0
2439	1
2440	0
2441	0
2442	0
2443	1
2444	0
2445	0
2446	0
2447	0
2448	0
2449	1
2450	0
2451	0
2452	0
2453	0
2454	0
2455	0
2456	0
2457	1
2458	0
2459	0
2460	0
2461	0
2462	0
2463	0
2464	0
2465	1
2466	0
2467	1
2468	1
2469	0
2470	0
2471	0
2472	1
2473	0
2474	0
2475	2
2476	1
2477	1
2478	0
2479	0
2480	1
2481	0
2482	0
2483	0
2484	2
2485	0
2486	0
2487	0
2488	1
2489	0
2490	0
2491	0
2492	0
2493	1
2494	0
2495	0
2496	0
2497	1
2498	0
2499	0
2500	0
2501	0
2502	0
2503	1
2504	0
2505	0
2506	0
2507	0
2508	1
2509	0
2510	1
2511	3
2512	0
2513	0
2514	2
2515	0
2516	0
2517	0
2518	0
2519	1
2520	0
2521	0
2522	0
2523	0
2524	0
2525	1
2526	0
2527	0
2528	0
2529	0
2530	0
2531	1
2532	1
2533	1
2534	0
2535	0
2536	1
2537	0
2538	1
2539	1
2540	1
2541	0
2542	0
2543	0
2544	0
2545	0
2546	0
2547	0
2548	0
2549	0
2550	1
2551	1
2552	0
2553	1
2554	0
2555	1
2556	0
2557	0
2558	2
2559	0
2560	0
2561	0
2562	0
2563	0
2564	0
2565	1
2566	0
2567	1
2568	0
2569	0
2570	0
2571	0
2572	0
2573	1
2574	0
2575	0
2576	0
2577	1
2578	1
2579	1
2580	0
2581	1
2582	0
2583	1
2584	1
2585	0
2586	1
2587	0
2588	0
2589	0
2590	2
2591	1
2592	1
2593	0
2594	0
2595	0
2596	0
2597	0
2598	0
2599	1
2600	1
2601	2
2602	0
2603	1
2604	0
2605	0
2606	1
2607	0
2608	0
2609	1
2610	0
2611	0
2612	0
2613	1
2614	1
2615	1
2616	1
2617	2
2618	0
2619	0
2620	3
2621	0
2622	0
2623	1
2624	0
2625	4
2626	2
2627	0
2628	0
2629	0
2630	0
2631	0
2632	2
2633	1
2634	0
2635	1
2636	2
2637	0
2638	1
2639	1
2640	1
2641	2
2642	1
2643	0
2644	0
2645	1
2646	1
2647	0
2648	0
2649	0
2650	0
2651	1
2652	0
2653	0
2654	0
2655	0
2656	0
2657	0
2658	0
2659	0
2660	0
2661	0
2662	0
2663	0
2664	0
2665	0
2666	0
2667	0
2668	0
2669	0
2670	0
2671	0
2672	1
2673	0
2674	0
2675	0
2676	0
2677	0
2678	0
2679	1
2680	0
2681	1
2682	0
2683	0
2684	0
2685	0
2686	0
2687	0
2688	0
2689	1
2690	0
2691	0
2692	0
2693	0
2694	0
2695	0
2696	0
2697	0
2698	1
2699	0
2700	2
2701	1
2702	0
2703	0
2704	1
2705	0
2706	0
2707	0
2708	0
2709	0
2710	3
2711	0
2712	1
2713	1
2714	0
2715	0
2716	1
2717	0
2718	0
2719	2
2720	0
2721	0
2722	0
2723	0
2724	2
2725	0
2726	1
2727	0
2728	0
2729	0
2730	0
2731	0
2732	0
2733	0
2734	0
2735	0
2736	0
2737	0
2738	0
2739	1
2740	1
2741	0
2742	0
2743	0
2744	0
2745	1
2746	0
2747	0
2748	0
2749	0
2750	0
2751	0
2752	0
2753	0
2754	1
2755	0
2756	0
2757	0
2758	0
2759	0
2760	0
2761	0
2762	0
2763	0
2764	0
2765	1
2766	0
2767	1
2768	0
2769	0
2770	0
2771	1
2772	0
2773	0
2774	0
2775	0
2776	0
2777	1
2778	0
2779	1
2780	0
2781	1
2782	0
2783	0
2784	0
2785	1
2786	0
2787	0
2788	1
2789	0
2790	0
2791	0
2792	1
2793	0
2794	0
2795	0
2796	0
2797	1
2798	0
2799	0
2800	0
2801	0
2802	1
2803	0
2804	0
2805	0
2806	0
2807	0
2808	0
2809	0
2810	0
2811	0
2812	0
2813	0
2814	0
2815	0
2816	1
2817	0
2818	0
2819	0
2820	0
2821	0
2822	0
2823	0
2824	0
2825	0
2826	0
2827	0
2828	0
2829	0
2830	0
2831	0
2832	0
2833	0
2834	1
2835	0
2836	1
2837	1
2838	0
2839	1
2840	0
2841	0
2842	0
2843	0
2844	0
2845	0
2846	0
2847	0
2848	0
2849	0
2850	0
2851	0
2852	0
2853	0
2854	0
2855	0
2856	0
2857	0
2858	0
2859	0
2860	0
2861	0
2862	0
2863	0
2864	0
2865	0
2866	0
2867	1
2868	0
2869	0
2870	0
2871	0
2872	0
2873	0
2874	0
2875	0
2876	0
2877	0
2878	1
2879	0
2880	1
2881	0
2882	0
2883	0
2884	1
2885	0
2886	0
2887	1
2888	0
2889	0
2890	1
2891	0
2892	0
2893	0
2894	0
2895	0
2896	0
2897	0
2898	0
2899	0
2900	0
2901	1
2902	0
2903	1
2904	0
2905	0
2906	0
2907	0
2908	1
2909	0
2910	0
2911	0
2912	0
2913	0
2914	0
2915	0
2916	0
2917	0
2918	0
2919	1
2920	1
2921	0
2922	0
2923	0
2924	1
2925	0
2926	1
2927	0
2928	0
2929	1
2930	0
2931	0
2932	0
2933	0
2934	0
2935	1
2936	0
2937	0
2938	0
2939	0
2940	0
2941	0
2942	0
2943	0
2944	0
2945	0
2946	0
2947	0
2948	0
2949	0
2950	0
2951	0
2952	0
2953	0
2954	0
2955	0
2956	0
2957	0
2958	0
2959	0
2960	0
2961	1
2962	0
2963	0
2964	0
2965	1
2966	0
2967	0
2968	2
2969	0
2970	0
2971	0
2972	0
2973	0
2974	0
2975	1
2976	0
2977	1
2978	0
2979	0
2980	0
2981	0
2982	0
2983	0
2984	0
2985	0
2986	0
2987	0
2988	1
2989	1
2990	0
2991	0
2992	0
2993	0
2994	0
2995	0
2996	0
2997	0
2998	0
2999	0
3000	0
3001	0
3002	0
3003	0
3004	0
3005	0
3006	1
3007	0
3008	0
3009	1
3010	0
3011	0
3012	0
3013	0
3014	0
3015	0
3016	0
3017	0
3018	0
3019	0
3020	0
3021	0
3022	0
3023	0
3024	0
3025	0
3026	0
3027	0
3028	0
3029	0
3030	0
3031	0
3032	0
3033	0
3034	0
3035	0
3036	0
3037	0
3038	0
3039	0
3040	0
3041	0
3042	0
3043	0
3044	0
3045	0
3046	0
3047	0
3048	0
3049	0
3050	1
3051	0
3052	0
3053	0
3054	0
3055	0
3056	0
3057	0
3058	0
3059	0
3060	0
3061	0
3062	0
3063	0
3064	0
3065	0
3066	1
3067	0
3068	1
3069	0
3070	0
3071	0
3072	1
3073	0
3074	0
3075	0
3076	0
3077	0
3078	1
3079	0
3080	0
3081	0
3082	0
3083	0
3084	0
3085	1
3086	0
3087	1
3088	0
3089	1
3090	0
3091	0
3092	0
3093	0
3094	0
3095	1
3096	0
3097	1
3098	0
3099	0
3100	0
3101	1
3102	0
3103	0
3104	1
3105	0
3106	0
3107	0
3108	2
3109	0
3110	0
3111	1
3112	0
3113	0
3114	0
3115	0
3116	0
3117	0
3118	0
3119	0
3120	1
3121	0
3122	0
3123	0
3124	0
3125	1
3126	0
3127	0
3128	0
3129	0
3130	0
3131	0
3132	0
3133	0
3134	0
3135	0
3136	0
3137	0
3138	1
3139	0
3140	0
3141	0
3142	0
3143	0
3144	0
3145	0
3146	0
3147	1
3148	0
3149	1
3150	0
3151	0
3152	0
3153	0
3154	0
3155	0
3156	0
3157	0
3158	0
3159	0
3160	1
3161	0
3162	1
3163	0
3164	0
3165	0
3166	0
3167	0
3168	0
3169	0
3170	0
3171	0
3172	0
3173	0
3174	1
3175	0
3176	0
3177	1
3178	0
3179	0
3180	0
3181	0
3182	0
3183	1
3184	0
3185	0
3186	0
3187	0
3188	0
3189	0
3190	0
3191	0
3192	0
3193	1
3194	0
3195	0
3196	0
3197	0
3198	0
3199	1
3200	0
3201	0
3202	0
3203	0
3204	0
3205	0
3206	0
3207	0
3208	1
3209	0
3210	0
3211	0
3212	0
3213	0
3214	0
3215	0
3216	0
3217	0
3218	0
3219	0
3220	0
3221	0
3222	0
3223	0
3224	0
3225	0
3226	0
3227	1
3228	1
3229	0
3230	0
3231	0
3232	0
3233	0
3234	0
3235	0
3236	0
3237	0
3238	0
3239	0
3240	0
3241	0
3242	0
3243	0
3244	0
3245	0
3246	0
3247	0
3248	0
3249	0
3250	0
3251	0
3252	0
3253	0
3254	0
3255	0
3256	0
3257	0
3258	0
3259	0
3260	0
3261	0
3262	0
3263	0
3264	0
3265	1
3266	1
3267	0
3268	0
3269	0
3270	0
3271	0
3272	0
3273	0
3274	0
3275	0
3276	0
3277	0
3278	0
3279	0
3280	0
3281	0
3282	0
3283	0
3284	0
3285	0
3286	0
3287	0
3288	0
3289	0
3290	0
3291	0
3292	0
3293	0
3294	0
3295	0
3296	0
3297	0
3298	0
3299	0
3300	0
3301	0
3302	0
3303	0
3304	0
3305	1
3306	0
3307	1
3308	0
3309	0
3310	0
3311	0
3312	0
3313	0
3314	1
3315	0
3316	0
3317	0
3318	0
3319	1
3320	0
3321	0
3322	0
3323	0
3324	0
3325	0
3326	0
3327	0
3328	0
3329	1
3330	0
3331	0
3332	0
3333	0
3334	0
3335	0
3336	0
3337	0
3338	0
3339	1
3340	0
3341	0
3342	0
3343	1
3344	0
3345	0
3346	0
3347	0
3348	1
3349	0
3350	0
3351	0
3352	1
3353	0
3354	0
3355	0
3356	0
3357	1
3358	0
3359	1
3360	0
3361	0
3362	0
3363	1
3364	0
3365	0
3366	0
3367	0
3368	0
3369	0
3370	1
3371	0
3372	1
3373	0
3374	0
3375	0
3376	0
3377	0
3378	0
3379	2
3380	0
3381	0
3382	0
3383	0
3384	0
3385	0
3386	1
3387	0
3388	0
3389	1
3390	0
3391	0
3392	1
3393	0
3394	1
3395	0
3396	0
3397	2
3398	1
3399	0
3400	0
3401	1
3402	0
3403	0
3404	0
3405	0
3406	0
3407	0
3408	0
3409	0
3410	1
3411	1
3412	0
3413	0
3414	0
3415	0
3416	0
3417	0
3418	0
3419	0
3420	0
3421	0
3422	0
3423	0
3424	0
3425	0
3426	0
3427	0
3428	0
3429	0
3430	1
3431	0
3432	0
3433	1
3434	2
3435	0
3436	0
3437	0
3438	0
3439	1
3440	0
3441	0
3442	0
3443	0
3444	0
3445	1
3446	1
3447	0
3448	0
3449	1
3450	1
3451	2
3452	1
3453	0
3454	0
3455	1
3456	0
3457	0
3458	0
3459	1
3460	0
3461	0
3462	0
3463	0
3464	0
3465	0
3466	0
3467	0
3468	1
3469	0
3470	0
3471	0
3472	0
3473	1
3474	1
3475	0
3476	0
3477	0
3478	0
3479	0
3480	0
3481	0
3482	1
3483	0
3484	0
3485	0
3486	0
3487	0
3488	1
3489	0
3490	0
3491	0
3492	0
3493	0
3494	1
3495	0
3496	1
3497	0
3498	1
3499	1
3500	0
3501	1
3502	0
3503	1
3504	0
3505	0
3506	0
3507	0
3508	0
3509	1
3510	0
3511	0
3512	0
3513	0
3514	0
3515	0
3516	0
3517	0
3518	0
3519	0
3520	0
3521	0
3522	1
3523	0
3524	1
3525	0
3526	0
3527	0
3528	0
3529	0
3530	0
3531	0
3532	0
3533	0
3534	0
3535	0
3536	1
3537	0
3538	0
3539	0
3540	1
3541	0
3542	0
3543	0
3544	1
3545	0
3546	0
3547	0
3548	1
3549	0
3550	0
3551	0
3552	0
3553	1
3554	0
3555	1
3556	1
3557	1
3558	0
3559	0
3560	0
3561	0
3562	0
3563	0
3564	0
3565	0
3566	0
3567	1
3568	0
3569	0
3570	0
3571	0
3572	0
3573	0
3574	0
3575	0
3576	0
3577	0
3578	0
3579	0
3580	0
3581	0
3582	0
3583	0
3584	0
3585	0
3586	0
3587	0
3588	0
3589	0
3590	1
3591	0
3592	0
3593	1
3594	0
3595	0
3596	0
3597	0
3598	0
3599	0
3600	0
3601	0
3602	0
3603	0
3604	0
3605	0
3606	0
3607	0
3608	0
3609	0
3610	1
3611	0
3612	0
3613	0
3614	0
3615	1
3616	0
3617	0
3618	0
3619	0
3620	0
3621	0
3622	0
3623	0
3624	0
3625	0
3626	0
3627	1
3628	0
3629	0
3630	0
3631	0
3632	1
3633	0
3634	0
3635	0
3636	0
3637	0
3638	0
3639	0
3640	0
3641	0
3642	0
3643	0
3644	0
3645	0
3646	0
3647	0
3648	0
3649	0
3650	0
3651	0
3652	0
3653	0
3654	0
3655	0
3656	0
3657	0
3658	0
3659	0
3660	0
3661	0
3662	0
3663	0
3664	0
3665	0
3666	0
3667	0
3668	0
3669	0
3670	0
3671	0
3672	0
3673	0
3674	1
3675	1
3676	0
3677	0
3678	0
3679	0
3680	0
3681	0
3682	0
3683	0
3684	0
3685	0
3686	0
3687	0
3688	0
3689	0
3690	0
3691	0
3692	0
3693	0
3694	0
3695	0
3696	0
3697	0
3698	0
3699	0
3700	0
3701	0
3702	0
3703	0
3704	0
3705	0
3706	0
3707	1
3708	0
3709	0
3710	0
3711	0
3712	0
3713	0
3714	0
3715	0
3716	0
3717	0
3718	0
3719	0
3720	0
3721	0
3722	0
3723	0
3724	1
3725	0
3726	0
3727	0
3728	1
3729	1
3730	0
3731	0
3732	0
3733	0
3734	0
3735	0
3736	0
3737	0
3738	1
3739	0
3740	0
3741	0
3742	0
3743	0
3744	0
3745	0
3746	0
3747	0
3748	0
3749	0
3750	0
3751	0
3752	1
3753	0
3754	0
3755	0
3756	0
3757	0
3758	0
3759	0
3760	0
3761	0
3762	0
3763	0
3764	1
3765	0
3766	0
3767	0
3768	0
3769	0
3770	0
3771	0
3772	0
3773	0
3774	0
3775	0
3776	0
3777	0
3778	0
3779	0
3780	0
3781	0
3782	0
3783	0
3784	0
3785	0
3786	0
3787	1
3788	0
3789	0
3790	0
3791	0
3792	0
3793	0
3794	0
3795	0
3796	0
3797	0
3798	0
3799	0
3800	0
3801	0
3802	0
3803	0
3804	0
3805	0
3806	0
3807	0
3808	0
3809	0
3810	0
3811	0
3812	0
3813	0
3814	0
3815	0
3816	0
3817	0
3818	0
3819	0
3820	0
3821	1
3822	0
3823	0
3824	0
3825	0
3826	0
3827	0
3828	0
3829	0
3830	0
3831	0
3832	0
3833	0
3834	0
3835	0
3836	0
3837	1
3838	0
3839	0
3840	0
3841	0
3842	1
3843	0
3844	0
3845	0
3846	1
3847	0
3848	1
3849	0
3850	0
3851	0
3852	0
3853	0
3854	0
3855	0
3856	0
3857	0
3858	0
3859	0
3860	0
3861	0
3862	0
3863	0
3864	0
3865	0
3866	0
3867	0
3868	0
3869	0
3870	0
3871	0
3872	0
3873	0
3874	0
3875	0
3876	0
3877	0
3878	0
3879	0
3880	0
3881	0
3882	0
3883	0
3884	0
3885	0
3886	0
3887	0
3888	0
3889	0
3890	0
3891	0
3892	0
3893	0
3894	0
3895	0
3896	0
3897	0
3898	0
3899	0
3900	0
3901	0
3902	0
3903	0
3904	0
3905	0
3906	0
3907	0
3908	0
3909	0
3910	0
3911	0
3912	0
3913	0
3914	0
3915	0
3916	0
3917	0
3918	0
3919	0
3920	0
3921	0
3922	0
3923	0
3924	0
3925	0
3926	0
3927	0
3928	0
3929	0
3930	0
3931	0
3932	0
3933	0
3934	0
3935	0
3936	0
3937	0
3938	0
3939	0
3940	0
3941	0
3942	0
3943	0
3944	0
3945	0
3946	0
3947	0
3948	0
3949	0
3950	0
3951	0
3952	0
3953	0
3954	0
3955	0
3956	0
3957	0
3958	0
3959	0
3960	0
3961	0
3962	0
3963	0
3964	0
3965	0
3966	0
3967	0
3968	0
3969	0
3970	0
3971	0
3972	0
3973	0
3974	0
3975	0
3976	0
3977	0
3978	0
3979	0
3980	0
3981	0
3982	0
3983	0
3984	0
3985	0
3986	0
3987	0
3988	0
3989	0
3990	0
3991	0
3992	0
3993	0
3994	0
3995	0
3996	0
3997	0
3998	0
3999	0
4000	0
4001	0
4002	0
4003	0
4004	0
4005	0
4006	0
4007	0
4008	0
4009	0
4010	0
4011	0
4012	0
4013	0
4014	0
4015	0
4016	0
4017	0
4018	0
4019	0
4020	0
4021	0
4022	0
4023	0
4024	0
4025	0
4026	0
4027	0
4028	0
4029	0
4030	0
4031	0
4032	0
4033	0
4034	0
4035	0
4036	0
4037	0
4038	0
4039	0
4040	0
4041	0
4042	0
4043	0
4044	0
4045	0
4046	0
4047	0
4048	0
4049	0
4050	0
4051	0
4052	0
4053	0
4054	0
4055	0
4056	0
4057	0
4058	0
4059	0
4060	0
4061	0
4062	0
4063	0
4064	0
4065	0
4066	0
4067	0
4068	0
4069	0
4070	0
4071	0
4072	0
4073	0
4074	0
4075	0
4076	0
4077	0
4078	0
4079	0
4080	0
4081	0
4082	0
4083	0
4084	0
4085	0
4086	0
4087	0
4088	0
4089	0
4090	0
4091	0
4092	0
4093	0
4094	0
4095	0
4096	0
4097	0
4098	0
4099	0
4100	0
4101	0
4102	0
4103	0
4104	0
4105	0
4106	0
4107	0
4108	0
4109	0
4110	0
4111	0
4112	0
4113	0
4114	0
4115	0
4116	0
4117	0
4118	0
4119	0
4120	0
4121	0
4122	0
4123	0
4124	0
4125	0
4126	0
4127	0
4128	0
4129	0
4130	0
4131	0
4132	0
4133	0
4134	0
4135	0
4136	0
4137	0
4138	0
4139	0
4140	0
4141	0
4142	0
4143	0
4144	0
4145	0
4146	0
4147	0
4148	0
4149	0
4150	0
4151	0
4152	0
4153	0
4154	0
4155	0
4156	0
4157	0
4158	0
4159	0
4160	0
4161	0
4162	0
4163	0
4164	0
4165	0
4166	0
4167	0
4168	0
4169	0
4170	0
4171	0
4172	0
4173	0
4174	0
4175	0
4176	0
4177	0
4178	0
4179	0
4180	0
4181	0
4182	0
4183	0
4184	0
4185	0
4186	0
4187	0
4188	0
4189	0
4190	0
4191	0
4192	0
4193	0
4194	0
4195	0
4196	0
4197	0
4198	0
4199	0
4200	0
4201	0
4202	0
4203	0
4204	0
4205	0
4206	0
4207	0
4208	0
4209	0
4210	0
4211	0
4212	0
4213	0
4214	0
4215	0
4216	0
4217	0
4218	0
4219	0
4220	0
4221	0
4222	0
4223	0
4224	0
4225	0
4226	0
4227	0
4228	0
4229	0
4230	0
4231	0
4232	0
4233	0
4234	0
4235	0
4236	0
4237	0
4238	0
4239	0
4240	0
4241	0
4242	0
4243	0
4244	0
4245	0
4246	0
4247	0
4248	0
4249	0
4250	0
4251	0
4252	0
4253	0
4254	0
4255	0
4256	0
4257	0
4258	0
4259	0
4260	0
4261	0
4262	0
4263	0
4264	0
4265	0
4266	0
4267	0
4268	0
4269	0
4270	0
4271	0
4272	0
4273	0
4274	0
4275	0
4276	0
4277	0
4278	0
4279	0
4280	0
4281	0
4282	0
4283	0
4284	0
4285	0
4286	0
4287	0
4288	0
4289	0
4290	0
4291	0
4292	0
4293	0
4294	0
4295	0
4296	0
4297	0
4298	0
4299	0
4300	0
4301	0
4302	0
4303	0
4304	0
4305	0
4306	0
4307	0
4308	0
4309	0
4310	0
4311	0
4312	0
4313	0
4314	0
4315	0
4316	0
4317	0
4318	0
4319	0
4320	0
4321	0
4322	0
4323	0
4324	0
4325	0
4326	0
4327	0
4328	0
4329	0
4330	0
4331	0
4332	0
4333	0
4334	0
4335	0
4336	0
4337	0
4338	0
4339	0
4340	0
4341	0
4342	0
4343	0
4344	0
4345	0
4346	0
4347	0
4348	0
4349	0
4350	0
4351	0
4352	0
4353	0
4354	0
4355	0
4356	0
4357	0
4358	0
4359	0
4360	0
4361	0
4362	0
4363	0
4364	0
4365	0
4366	0
4367	0
4368	0
4369	0
4370	0
4371	0
4372	0
4373	0
4374	0
4375	0
4376	0
4377	0
4378	0
4379	0
4380	0
4381	0
4382	0
4383	0
4384	0
4385	0
4386	0
4387	0
4388	0
4389	0
4390	0
4391	0
4392	0
4393	0
4394	0
4395	0
4396	0
4397	0
4398	0
4399	0
4400	0
4401	0
4402	0
4403	0
4404	0
4405	0
4406	0
4407	0
4408	0
4409	0
4410	0
4411	0
4412	0
4413	0
4414	0
4415	0
4416	0
4417	0
4418	0
4419	0
4420	0
4421	0
4422	0
4423	0
4424	0
4425	0
4426	0
4427	0
4428	0
4429	0
4430	0
4431	0
4432	0
4433	0
4434	0
4435	0
4436	0
4437	0
4438	0
4439	0
4440	0
4441	0
4442	0
4443	0
4444	0
4445	0
4446	0
4447	0
4448	0
4449	0
4450	0
4451	0
4452	0
4453	0
4454	0
4455	0
4456	0
4457	0
4458	0
4459	0
4460	0
4461	0
4462	0
4463	0
4464	0
4465	0
4466	0
4467	0
4468	0
4469	0
4470	0
4471	0
4472	0
4473	0
4474	0
4475	0
4476	0
4477	0
4478	0
4479	0
4480	0
4481	0
4482	0
4483	0
4484	0
4485	0
4486	0
4487	0
4488	0
4489	0
4490	0
4491	0
4492	0
4493	0
4494	0
4495	0
4496	0
4497	0
4498	0
4499	0
4500	0
4501	0
4502	0
4503	0
4504	0
4505	0
4506	0
4507	0
4508	0
4509	0
4510	0
4511	0
4512	0
4513	0
4514	0
4515	0
4516	0
4517	0
4518	0
4519	0
4520	0
4521	0
4522	0
4523	0
4524	0
4525	0
4526	0
4527	0
4528	0
4529	0
4530	0
4531	0
4532	0
4533	0
4534	0
4535	0
4536	0
4537	0
4538	0
4539	0
4540	0
4541	0
4542	0
4543	0
4544	0
4545	0
4546	0
4547	0
4548	0
4549	0
4550	0
4551	0
4552	0
4553	0
4554	0
4555	0
4556	0
4557	0
4558	0
4559	0
4560	0
4561	0
4562	0
4563	0
4564	0
4565	0
4566	0
4567	0
4568	0
4569	0
4570	0
4571	0
4572	0
4573	0
4574	0
4575	0
4576	0
4577	0
4578	0
4579	0
4580	0
4581	0
4582	0
4583	0
4584	0
4585	0
4586	0
4587	0
4588	0
4589	0
4590	0
4591	0
4592	0
4593	0
4594	0
4595	0
4596	0
4597	0
4598	0
4599	0
4600	0
4601	0
4602	0
4603	0
4604	0
4605	0
4606	0
4607	0
4608	0
4609	0
4610	0
4611	0
4612	0
4613	0
4614	0
4615	0
4616	0
4617	0
4618	0
4619	0
4620	0
4621	0
4622	0
4623	0
4624	0
4625	0
4626	0
4627	0
4628	0
4629	0
4630	0
4631	0
4632	0
4633	0
4634	0
4635	0
4636	0
4637	0
4638	0
4639	0
4640	0
4641	0
4642	0
4643	0
4644	0
4645	0
4646	0
4647	0
4648	0
4649	0
4650	0
4651	0
4652	0
4653	0
4654	0
4655	0
4656	0
4657	0
4658	0
4659	0
4660	0
4661	0
4662	0
4663	0
4664	0
4665	0
4666	0
4667	0
4668	0
4669	0
4670	0
4671	0
4672	0
4673	0
4674	0
4675	0
4676	0
4677	0
4678	0
4679	0
4680	0
4681	0
4682	0
4683	0
4684	0
4685	0
4686	0
4687	0
4688	0
4689	0
4690	0
4691	0
4692	0
4693	0
4694	0
4695	0
4696	0
4697	0
4698	0
4699	0
4700	0
4701	0
4702	0
4703	0
4704	0
4705	0
4706	0
4707	0
4708	0
4709	0
4710	0
4711	0
4712	0
4713	0
4714	0
4715	0
4716	0
4717	0
4718	0
4719	0
4720	0
4721	0
4722	0
4723	0
4724	0
4725	0
4726	0
4727	0
4728	0
4729	0
4730	0
4731	0
4732	0
4733	0
4734	0
4735	0
4736	0
4737	0
4738	0
4739	0
4740	0
4741	0
4742	0
4743	0
4744	0
4745	0
4746	0
4747	0
4748	0
4749	0
4750	0
4751	0
4752	0
4753	0
4754	0
4755	0
4756	0
4757	0
4758	0
4759	0
4760	0
4761	0
4762	0
4763	0
4764	0
4765	0
4766	0
4767	0
4768	0
4769	0
4770	0
4771	0
4772	0
4773	0
4774	0
4775	0
4776	0
4777	0
4778	0
4779	0
4780	0
4781	0
4782	0
4783	0
4784	0
4785	0
4786	0
4787	0
4788	0
4789	0
4790	0
4791	0
4792	0
4793	0
4794	0
4795	0
4796	0
4797	0
4798	0
4799	0
4800	0
4801	0
4802	0
4803	0
4804	0
4805	0
4806	0
4807	0
4808	0
4809	0
4810	0
4811	0
4812	0
4813	0
4814	0
4815	0
4816	0
4817	0
4818	0
4819	0
4820	0
4821	0
4822	0
4823	0
4824	0
4825	0
4826	0
4827	0
4828	0
4829	0
4830	0
4831	0
4832	0
4833	0
4834	0
4835	0
4836	0
4837	0
4838	0
4839	0
4840	0
4841	0
4842	0
4843	0
4844	0
4845	0
4846	0
4847	0
4848	0
4849	0
4850	0
4851	0
4852	0
4853	0
4854	0
4855	0
4856	0
4857	0
4858	0
4859	0
4860	0
4861	0
4862	0
4863	0
4864	0
4865	0
4866	0
4867	0
4868	0
4869	0
4870	0
4871	0
4872	0
4873	0
4874	0
4875	0
4876	0
4877	0
4878	0
4879	0
4880	0
4881	0
4882	0
4883	0
4884	0
4885	0
4886	0
4887	0
4888	0
4889	0
4890	0
4891	0
4892	0
4893	0
4894	0
4895	0
4896	0
4897	0
4898	0
4899	0
4900	0
4901	0
4902	0
4903	0
4904	0
4905	0
4906	0
4907	0
4908	0
4909	0
4910	0
4911	0
4912	0
4913	0
4914	0
4915	0
4916	0
4917	0
4918	0
4919	0
4920	0
4921	0
4922	0
4923	0
4924	0
4925	0
4926	0
4927	0
4928	0
4929	0
4930	0
4931	0
4932	0
4933	0
4934	0
4935	0
4936	0
4937	0
4938	0
4939	0
4940	0
4941	0
4942	0
4943	0
4944	0
4945	0
4946	0
4947	0
4948	0
4949	0
4950	0
4951	0
4952	0
4953	0
4954	0
4955	0
4956	0
4957	0
4958	0
4959	0
4960	0
4961	0
4962	0
4963	0
4964	0
4965	0
4966	0
4967	0
4968	0
4969	0
4970	0
4971	0
4972	0
4973	0
4974	0
4975	0
4976	0
4977	0
4978	0
4979	0
4980	0
4981	0
4982	0
4983	0
4984	0
4985	0
4986	0
4987	0
4988	0
4989	0
4990	0
4991	0
4992	0
4993	0
4994	0
4995	0
4996	0
4997	0
4998	0
4999	0
5000	0
5001	0
5002	0
5003	0
5004	0
5005	0
5006	0
5007	0
5008	0
5009	0
5010	0
5011	0
5012	0
5013	0
5014	0
5015	0
5016	0
5017	0
5018	0
5019	0
5020	0
5021	0
5022	0
5023	0
5024	0
5025	0
5026	0
5027	0
5028	0
5029	0
5030	0
5031	0
5032	0
5033	0
5034	0
5035	0
5036	0
5037	0
5038	0
5039	0
5040	0
5041	0
5042	0
5043	0
5044	0
5045	0
5046	0
5047	0
5048	0
5049	0
5050	0
5051	0
5052	0
5053	0
5054	0
5055	0
5056	0
5057	0
5058	0
5059	0
5060	0
5061	0
5062	0
5063	0
5064	0
5065	0
5066	0
5067	0
5068	0
5069	0
5070	0
5071	0
5072	0
5073	0
5074	0
5075	0
5076	0
5077	0
5078	0
5079	0
5080	0
5081	0
5082	0
5083	0
5084	0
5085	0
5086	0
5087	0
5088	0
5089	0
5090	0
5091	0
5092	0
5093	0
5094	0
5095	0
5096	0
5097	0
5098	0
5099	0
5100	0
5101	0
5102	0
5103	0
5104	0
5105	0
5106	0
5107	0
5108	0
5109	0
5110	0
5111	0
5112	0
5113	0
5114	0
5115	0
5116	0
5117	0
5118	0
5119	0
5120	0
5121	0
5122	0
5123	0
5124	0
5125	0
5126	0
5127	0
5128	0
5129	0
5130	0
5131	0
5132	0
5133	0
5134	0
5135	0
5136	0
5137	0
5138	0
5139	0
5140	0
5141	0
5142	0
5143	0
5144	0
5145	0
5146	0
5147	0
5148	0
5149	0
5150	0
5151	0
5152	0
5153	0
5154	0
5155	0
5156	0
5157	0
5158	0
5159	0
5160	0
5161	0
5162	0
5163	0
5164	0
5165	0
5166	0
5167	0
5168	0
5169	0
5170	0
5171	0
5172	0
5173	0
5174	0
5175	0
5176	0
5177	0
5178	0
5179	0
5180	0
5181	0
5182	0
5183	0
5184	0
5185	0
5186	0
5187	0
5188	0
5189	0
5190	0
5191	0
5192	0
5193	0
5194	0
5195	0
5196	0
5197	0
5198	0
5199	0
5200	0
5201	0
5202	0
5203	0
5204	0
5205	0
5206	0
5207	0
5208	0
5209	0
5210	0
5211	0
5212	0
5213	0
5214	0
5215	0
5216	0
5217	0
5218	0
5219	0
5220	0
5221	0
5222	0
5223	0
5224	0
5225	0
5226	0
5227	0
5228	0
5229	0
5230	0
5231	0
5232	0
5233	0
5234	0
5235	0
5236	0
5237	0
5238	0
5239	0
5240	0
5241	0
5242	0
5243	0
5244	0
5245	0
5246	0
5247	0
5248	0
5249	0
5250	0
5251	0
5252	0
5253	0
5254	0
5255	0
5256	0
5257	0
5258	0
5259	0
5260	0
5261	0
5262	0
5263	0
5264	0
5265	0
5266	0
5267	0
5268	0
5269	0
5270	0
5271	0
5272	0
5273	0
5274	0
5275	0
5276	0
5277	0
5278	0
5279	0
5280	0
5281	0
5282	0
5283	0
5284	0
5285	0
5286	0
5287	0
5288	0
5289	0
5290	0
5291	0
5292	0
5293	0
5294	0
5295	0
5296	0
5297	0
5298	0
5299	0
5300	0
5301	0
5302	0
5303	0
5304	0
5305	0
5306	0
5307	0
5308	0
5309	0
5310	0
5311	0
5312	0
5313	0
5314	0
5315	0
5316	0
5317	0
5318	0
5319	0
5320	0
5321	0
5322	0
5323	0
5324	0
5325	0
5326	0
5327	0
5328	0
5329	0
5330	0
5331	0
5332	0
5333	0
5334	0
5335	0
5336	0
5337	0
5338	0
5339	0
5340	0
5341	0
5342	0
5343	0
5344	0
5345	0
5346	0
5347	0
5348	0
5349	0
5350	0
5351	0
5352	0
5353	0
5354	0
5355	0
5356	0
5357	0
5358	0
5359	0
5360	0
5361	0
5362	0
5363	0
5364	0
5365	0
5366	0
5367	0
5368	0
5369	0
5370	0
5371	0
5372	0
5373	0
5374	0
5375	0
5376	0
5377	0
5378	0
5379	0
5380	0
5381	0
5382	0
5383	0
5384	0
5385	0
5386	0
5387	0
5388	0
5389	0
5390	0
5391	0
5392	0
5393	0
5394	0
5395	0
5396	0
5397	0
5398	0
5399	0
5400	0
5401	0
5402	0
5403	0
5404	0
5405	0
5406	0
5407	0
5408	0
5409	0
5410	0
5411	0
5412	0
5413	0
5414	0
5415	0
5416	0
5417	0
5418	0
5419	0
5420	0
5421	0
5422	0
5423	0
5424	0
5425	0
5426	0
5427	0
5428	0
5429	0
5430	0
5431	0
5432	0
5433	0
5434	0
5435	0
5436	0
5437	0
5438	0
5439	0
5440	0
5441	0
5442	0
5443	0
5444	0
5445	0
5446	0
5447	0
5448	0
5449	0
5450	0
5451	0
5452	0
5453	0
5454	0
5455	0
5456	0
5457	0
5458	0
5459	0
5460	0
5461	0
5462	0
5463	0
5464	0
5465	0
5466	0
5467	0
5468	0
5469	0
5470	0
5471	0
5472	0
5473	0
5474	0
5475	0
5476	0
5477	0
5478	0
5479	0
5480	0
5481	0
5482	0
5483	0
5484	0
5485	0
5486	0
5487	0
5488	0
5489	0
5490	0
5491	0
5492	0
5493	0
5494	0
5495	0
5496	0
5497	0
5498	0
5499	0
5500	0
5501	0
5502	0
5503	0
5504	0
5505	0
5506	0
5507	0
5508	0
5509	0
5510	0
5511	0
5512	0
5513	0
5514	0
5515	0
5516	0
5517	0
5518	0
5519	0
5520	0
5521	0
5522	0
5523	0
5524	0
5525	0
5526	0
5527	0
5528	0
5529	0
5530	0
5531	0
5532	0
5533	0
5534	0
5535	0
5536	0
5537	0
5538	0
5539	0
5540	0
5541	0
5542	0
5543	0
5544	0
5545	0
5546	0
5547	0
5548	0
5549	0
5550	0
5551	0
5552	0
5553	0
5554	0
5555	0
5556	0
5557	0
5558	0
5559	0
5560	0
5561	0
5562	0
5563	0
5564	0
5565	0
5566	0
5567	0
5568	0
5569	0
5570	0
5571	0
5572	0
5573	0
5574	0
5575	0
5576	0
5577	0
5578	0
5579	0
5580	0
5581	0
5582	0
5583	0
5584	0
5585	0
5586	0
5587	0
5588	0
5589	0
5590	0
5591	0
5592	0
5593	0
5594	0
5595	0
5596	0
5597	0
5598	0
5599	0
5600	0
5601	0
5602	0
5603	0
5604	0
5605	0
5606	0
5607	0
5608	0
5609	0
5610	0
5611	0
5612	0
5613	0
5614	0
5615	0
5616	0
5617	0
5618	0
5619	0
5620	0
5621	0
5622	0
5623	0
5624	0
5625	0
5626	0
5627	0
5628	0
5629	0
5630	0
5631	0
5632	0
5633	0
5634	0
5635	0
5636	0
5637	0
5638	0
5639	0
5640	0
5641	0
5642	0
5643	0
5644	0
5645	0
5646	0
5647	0
5648	0
5649	0
5650	0
5651	0
5652	0
5653	0
5654	0
5655	0
5656	0
5657	0
5658	0
5659	0
5660	0
5661	0
5662	0
5663	0
5664	0
5665	0
5666	0
5667	0
5668	0
5669	0
5670	0
5671	0
5672	0
5673	0
5674	0
5675	0
5676	0
5677	0
5678	0
5679	0
5680	0
5681	0
5682	0
5683	0
5684	0
5685	0
5686	0
5687	0
5688	0
5689	0
5690	0
5691	0
5692	0
5693	0
5694	0
5695	0
5696	0
5697	0
5698	0
5699	0
5700	0
5701	0
5702	0
5703	0
5704	0
5705	0
5706	0
5707	0
5708	0
5709	0
5710	0
5711	0
5712	0
5713	0
5714	0
5715	0
5716	0
5717	0
5718	0
5719	0
5720	0
5721	0
5722	0
5723	0
5724	0
5725	0
5726	0
5727	0
5728	0
5729	0
5730	0
5731	0
5732	0
5733	0
5734	0
5735	0
5736	0
5737	0
5738	0
5739	0
5740	0
5741	0
5742	0
5743	0
5744	0
5745	0
5746	0
5747	0
5748	0
5749	0
5750	0
5751	0
5752	0
5753	0
5754	0
5755	0
5756	0
5757	0
5758	0
5759	0
5760	0
5761	0
5762	0
5763	0
5764	0
5765	0
5766	0
5767	0
5768	0
5769	0
5770	0
5771	0
5772	0
5773	0
5774	0
5775	0
5776	0
5777	0
5778	0
5779	0
5780	0
5781	0
5782	0
5783	0
5784	0
5785	0
5786	0
5787	0
5788	0
5789	0
5790	0
5791	0
5792	0
5793	0
5794	0
5795	0
5796	0
5797	0
5798	0
5799	0
5800	0
5801	0
5802	0
5803	0
5804	0
5805	0
5806	0
5807	0
5808	0
5809	0
5810	0
5811	0
5812	0
5813	0
5814	0
5815	0
5816	0
5817	0
5818	0
5819	0
5820	0
5821	0
5822	0
5823	0
5824	0
5825	0
5826	0
5827	0
5828	0
5829	0
5830	0
5831	0
5832	0
5833	0
5834	0
5835	0
5836	0
5837	0
5838	0
5839	0
5840	0
5841	0
5842	0
5843	0
5844	0
5845	0
5846	0
5847	0
5848	0
5849	0
5850	0
5851	0
5852	0
5853	0
5854	0
5855	0
5856	0
5857	0
5858	0
5859	0
5860	0
5861	0
5862	0
5863	0
5864	0
5865	0
5866	0
5867	0
5868	0
5869	0
5870	0
5871	0
5872	0
5873	0
5874	0
5875	0
5876	0
5877	0
5878	0
5879	0
5880	0
5881	0
5882	0
5883	0
5884	0
5885	0
5886	0
5887	0
5888	0
5889	0
5890	0
5891	0
5892	0
5893	0
5894	0
5895	0
5896	0
5897	0
5898	0
5899	0
5900	0
5901	0
5902	0
5903	0
5904	0
5905	0
5906	0
5907	0
5908	0
5909	0
5910	0
5911	0
5912	0
5913	0
5914	0
5915	0
5916	0
5917	0
5918	0
5919	0
5920	0
5921	0
5922	0
5923	0
5924	0
5925	0
5926	0
5927	0
5928	0
5929	0
5930	0
5931	0
5932	0
5933	0
5934	0
5935	0
5936	0
5937	0
5938	0
5939	0
5940	0
5941	0
5942	0
5943	0
5944	0
5945	0
5946	0
5947	0
5948	0
5949	0
5950	0
5951	0
5952	1
5953	0
5954	0
5955	0
5956	0
5957	0
5958	0
5959	0
5960	0
5961	0
5962	0
5963	0
5964	0
5965	0
5966	0
5967	0
5968	0
5969	0
5970	1
5971	0
5972	0
5973	0
5974	0
5975	0
5976	0
5977	0
5978	0
5979	0
5980	0
5981	0
5982	0
5983	0
5984	0
5985	0
5986	0
5987	0
5988	0
5989	0
5990	0
5991	0
5992	0
5993	0
5994	0
5995	0
5996	0
5997	0
5998	0
5999	0
6000	0
6001	0
6002	0
6003	0
6004	0
6005	0
6006	0
6007	0
6008	0
6009	1
6010	0
6011	0
6012	0
6013	0
6014	0
6015	0
6016	0
6017	0
6018	0
6019	0
6020	0
6021	0
6022	0
6023	0
6024	0
6025	1
6026	0
6027	0
6028	0
6029	0
6030	0
6031	0
6032	0
6033	0
6034	0
6035	0
6036	0
6037	0
6038	0
6039	0
6040	0
6041	0
6042	1
6043	0
6044	1
6045	0
6046	0
6047	0
6048	0
6049	0
6050	0
6051	0
6052	0
6053	0
6054	0
6055	0
6056	0
6057	0
6058	0
6059	0
6060	0
6061	0
6062	0
6063	0
6064	0
6065	0
6066	0
6067	0
6068	0
6069	0
6070	0
6071	0
6072	0
6073	0
6074	0
6075	0
6076	0
6077	0
6078	0
6079	0
6080	0
6081	0
6082	0
6083	0
6084	0
6085	1
6086	0
6087	0
6088	0
6089	0
6090	0
6091	0
6092	0
6093	0
6094	0
6095	0
6096	0
6097	0
6098	0
6099	0
6100	1
6101	0
6102	0
6103	0
6104	0
6105	0
6106	0
6107	0
6108	0
6109	0
6110	0
6111	0
6112	0
6113	0
6114	0
6115	0
6116	1
6117	0
6118	0
6119	0
6120	0
6121	0
6122	0
6123	0
6124	0
6125	0
6126	0
6127	0
6128	0
6129	0
6130	0
6131	0
6132	0
6133	0
6134	0
6135	0
6136	0
6137	0
6138	0
6139	0
6140	0
6141	0
6142	0
6143	0
6144	0
6145	0
6146	0
6147	0
6148	0
6149	0
6150	0
6151	0
6152	0
6153	0
6154	0
6155	0
6156	0
6157	0
6158	0
6159	0
6160	0
6161	0
6162	0
6163	0
6164	0
6165	0
6166	0
6167	0
6168	0
6169	0
6170	0
6171	0
6172	0
6173	0
6174	0
6175	0
6176	0
6177	0
6178	0
6179	0
6180	0
6181	0
6182	0
6183	0
6184	0
6185	0
6186	0
6187	0
6188	0
6189	0
6190	0
6191	0
6192	0
6193	0
6194	0
6195	0
6196	0
6197	0
6198	0
6199	0
6200	0
6201	0
6202	0
6203	0
6204	0
6205	0
6206	0
6207	0
6208	0
6209	0
6210	0
6211	0
6212	0
6213	0
6214	0
6215	0
6216	0
6217	0
6218	0
6219	0
6220	0
6221	0
6222	0
6223	0
6224	0
6225	0
6226	0
6227	0
6228	0
6229	0
6230	0
6231	0
6232	0
6233	0
6234	0
6235	0
6236	0
6237	0
6238	0
6239	0
6240	0
6241	0
6242	0
6243	0
6244	0
6245	0
6246	0
6247	0
6248	0
6249	0
6250	0
6251	0
6252	0
6253	0
6254	0
6255	0
6256	0
6257	0
6258	0
6259	0
6260	0
6261	0
6262	0
6263	0
6264	0
6265	0
6266	0
6267	0
6268	0
6269	0
6270	0
6271	0
6272	0
6273	0
6274	0
6275	0
6276	0
6277	0
6278	0
6279	0
6280	0
6281	0
6282	0
6283	0
6284	0
6285	0
6286	0
6287	0
6288	0
6289	0
6290	0
6291	0
6292	0
6293	0
6294	0
6295	0
6296	0
6297	0
6298	0
6299	0
6300	0
6301	0
6302	0
6303	0
6304	0
6305	0
6306	0
6307	0
6308	0
6309	0
6310	0
6311	0
6312	0
6313	0
6314	0
6315	0
6316	0
6317	0
6318	0
6319	0
6320	0
6321	0
6322	0
6323	0
6324	0
6325	0
6326	0
6327	0
6328	0
6329	0
6330	0
6331	0
6332	0
6333	0
6334	0
6335	0
6336	0
6337	0
6338	0
6339	0
6340	0
6341	0
6342	0
6343	0
6344	0
6345	0
6346	0
6347	0
6348	0
6349	0
6350	0
6351	0
6352	0
6353	0
6354	0
6355	0
6356	0
6357	0
6358	0
6359	0
6360	0
6361	0
6362	0
6363	0
6364	0
6365	0
6366	0
6367	0
6368	0
6369	0
6370	0
6371	0
6372	0
6373	0
6374	0
6375	0
6376	0
6377	0
6378	0
6379	0
6380	0
6381	0
6382	0
6383	0
6384	0
6385	0
6386	0
6387	0
6388	0
6389	0
6390	0
6391	0
6392	0
6393	0
6394	0
6395	0
6396	0
6397	0
6398	0
6399	0
6400	0
6401	0
6402	0
6403	0
6404	0
6405	0
6406	0
6407	0
6408	0
6409	0
6410	0
6411	0
6412	0
6413	0
6414	0
6415	0
6416	0
6417	0
6418	0
6419	0
6420	0
6421	0
6422	0
6423	0
6424	0
6425	0
6426	0
6427	0
6428	0
6429	0
6430	0
6431	0
6432	0
6433	0
6434	0
6435	0
6436	0
6437	0
6438	0
6439	0
6440	0
6441	0
6442	0
6443	0
6444	0
6445	0
6446	0
6447	0
6448	0
6449	0
6450	0
6451	0
6452	0
6453	0
6454	0
6455	0
6456	0
6457	0
6458	0
6459	0
6460	0
6461	0
6462	0
6463	0
6464	0
6465	0
6466	0
6467	0
6468	0
6469	0
6470	0
6471	0
6472	0
6473	0
6474	0
6475	0
6476	0
6477	0
6478	0
6479	0
6480	0
6481	0
6482	0
6483	0
6484	0
6485	0
6486	0
6487	0
6488	0
6489	0
6490	0
6491	0
6492	0
6493	0
6494	0
6495	0
6496	0
6497	0
6498	0
6499	0
6500	0
6501	0
6502	0
6503	0
6504	0
6505	0
6506	0
6507	0
6508	0
6509	0
6510	0
6511	0
6512	0
6513	0
6514	0
6515	0
6516	0
6517	0
6518	0
6519	0
6520	0
6521	0
6522	0
6523	0
6524	0
6525	0
6526	0
6527	0
6528	0
6529	0
6530	0
6531	0
6532	0
6533	0
6534	0
6535	0
6536	0
6537	0
6538	0
6539	0
6540	0
6541	0
6542	0
6543	0
6544	0
6545	0
6546	0
6547	0
6548	0
6549	0
6550	0
6551	0
6552	0
6553	0
6554	0
6555	0
6556	0
6557	0
6558	0
6559	0
6560	0
6561	0
6562	0
6563	0
6564	0
6565	0
6566	0
6567	0
6568	0
6569	0
6570	0
6571	0
6572	0
6573	0
6574	0
6575	0
6576	0
6577	0
6578	0
6579	0
6580	0
6581	0
6582	0
6583	0
6584	0
6585	0
6586	0
6587	0
6588	0
6589	0
6590	0
6591	0
6592	0
6593	0
6594	0
6595	0
6596	0
6597	0
6598	0
6599	0
6600	0
6601	0
6602	0
6603	0
6604	0
6605	0
6606	0
6607	0
6608	0
6609	0
6610	0
6611	0
6612	0
6613	0
6614	0
6615	0
6616	0
6617	0
6618	0
6619	0
6620	0
6621	0
6622	0
6623	0
6624	0
6625	0
6626	0
6627	0
6628	0
6629	0
6630	0
6631	0
6632	0
6633	0
6634	0
6635	0
6636	0
6637	0
6638	0
6639	0
6640	0
6641	0
6642	0
6643	0
6644	0
6645	0
6646	0
6647	0
6648	0
6649	0
6650	0
6651	0
6652	0
6653	0
6654	0
6655	0
6656	0
6657	0
6658	0
6659	0
6660	0
6661	0
6662	0
6663	0
6664	0
6665	0
6666	0
6667	0
6668	0
6669	0
6670	0
6671	0
6672	0
6673	0
6674	0
6675	0
6676	0
6677	0
6678	0
6679	0
6680	0
6681	0
6682	0
6683	0
6684	0
6685	0
6686	0
6687	0
6688	0
6689	0
6690	0
6691	0
6692	0
6693	0
6694	0
6695	0
6696	0
6697	0
6698	0
6699	0
6700	0
6701	0
6702	0
6703	0
6704	0
6705	0
6706	0
6707	0
6708	0
6709	0
6710	0
6711	0
6712	0
6713	0
6714	0
6715	0
6716	0
6717	0
6718	0
6719	0
6720	0
6721	0
6722	0
6723	0
6724	0
6725	0
6726	0
6727	0
6728	0
6729	0
6730	0
6731	0
6732	0
6733	0
6734	0
6735	0
6736	0
6737	0
6738	0
6739	0
6740	0
6741	0
6742	0
6743	0
6744	0
6745	0
6746	0
6747	0
6748	0
6749	0
6750	0
6751	0
6752	0
6753	0
6754	0
6755	0
6756	0
6757	0
6758	0
6759	0
6760	0
6761	0
6762	0
6763	0
6764	0
6765	0
6766	0
6767	0
6768	0
6769	0
6770	0
6771	0
6772	0
6773	0
6774	0
6775	0
6776	0
6777	0
6778	0
6779	0
6780	0
6781	0
6782	0
6783	0
6784	0
6785	0
6786	0
6787	0
6788	0
6789	0
6790	0
6791	0
6792	0
6793	0
6794	0
6795	0
6796	0
6797	0
6798	0
6799	0
6800	0
6801	0
6802	0
6803	0
6804	0
6805	0
6806	0
6807	0
6808	0
6809	0
6810	0
6811	0
6812	0
6813	0
6814	0
6815	0
6816	0
6817	0
6818	0
6819	0
6820	0
6821	0
6822	0
6823	0
6824	0
6825	0
6826	0
6827	0
6828	0
6829	0
6830	0
6831	0
6832	0
6833	0
6834	0
6835	0
6836	0
6837	0
6838	0
6839	0
6840	0
6841	0
6842	0
6843	0
6844	0
6845	0
6846	0
6847	0
6848	0
6849	0
6850	0
6851	0
6852	0
6853	0
6854	0
6855	0
6856	0
6857	0
6858	0
6859	0
6860	0
6861	0
6862	0
6863	0
6864	0
6865	0
6866	0
6867	0
6868	0
6869	0
6870	0
6871	0
6872	0
6873	0
6874	0
6875	0
6876	0
6877	0
6878	0
6879	0
6880	0
6881	0
6882	0
6883	0
6884	0
6885	0
6886	0
6887	0
6888	0
6889	0
6890	0
6891	0
6892	0
6893	0
6894	0
6895	0
6896	0
6897	0
6898	0
6899	0
6900	0
6901	0
6902	0
6903	0
6904	0
6905	0
6906	0
6907	0
6908	0
6909	0
6910	0
6911	0
6912	0
6913	0
6914	0
6915	0
6916	0
6917	0
6918	0
6919	0
6920	0
6921	0
6922	0
6923	0
6924	0
6925	0
6926	0
6927	0
6928	0
6929	0
6930	0
6931	0
6932	0
6933	0
6934	0
6935	0
6936	0
6937	0
6938	0
6939	0
6940	0
6941	0
6942	0
6943	0
6944	0
6945	0
6946	0
6947	0
6948	0
6949	0
6950	0
6951	0
6952	0
6953	0
6954	0
6955	0
6956	0
6957	0
6958	0
6959	0
6960	0
6961	0
6962	0
6963	0
6964	0
6965	0
6966	0
6967	0
6968	0
6969	0
6970	0
6971	0
6972	0
6973	0
6974	0
6975	0
6976	0
6977	0
6978	0
6979	0
6980	0
6981	0
6982	0
6983	0
6984	0
6985	0
6986	0
6987	0
6988	0
6989	0
6990	0
6991	0
6992	0
6993	0
6994	0
6995	0
6996	0
6997	0
6998	0
6999	0
7000	0
7001	0
7002	0
7003	0
7004	0
7005	0
7006	0
7007	0
7008	0
7009	0
7010	0
7011	0
7012	0
7013	0
7014	0
7015	0
7016	0
7017	0
7018	0
7019	0
7020	0
7021	0
7022	0
7023	0
7024	0
7025	0
7026	0
7027	0
7028	0
7029	0
7030	0
7031	0
7032	0
7033	0
7034	0
7035	0
7036	0
7037	0
7038	0
7039	0
7040	0
7041	0
7042	0
7043	0
7044	0
7045	0
7046	0
7047	0
7048	0
7049	0
7050	0
7051	0
7052	0
7053	0
7054	0
7055	0
7056	0
7057	0
7058	0
7059	0
7060	0
7061	0
7062	0
7063	0
7064	0
7065	0
7066	0
7067	0
7068	0
7069	0
7070	0
7071	0
7072	0
7073	0
7074	0
7075	0
7076	0
7077	0
7078	0
7079	0
7080	0
7081	0
7082	0
7083	0
7084	0
7085	0
7086	0
7087	0
7088	0
7089	0
7090	0
7091	0
7092	0
7093	0
7094	0
7095	0
7096	0
7097	0
7098	0
7099	0
7100	0
7101	0
7102	0
7103	0
7104	0
7105	0
7106	1
7107	0
7108	0
7109	0
7110	0
7111	0
7112	0
7113	0
7114	0
7115	0
7116	0
7117	0
7118	0
7119	0
7120	0
7121	0
7122	0
7123	0
7124	0
7125	0
7126	0
7127	0
7128	0
7129	0
7130	0
7131	0
7132	0
7133	0
7134	0
7135	0
7136	0
7137	0
7138	0
7139	0
7140	0
7141	0
7142	0
7143	0
7144	0
7145	0
7146	0
7147	0
7148	0
7149	0
7150	0
7151	0
7152	0
7153	0
7154	0
7155	0
7156	0
7157	0
7158	0
7159	0
7160	0
7161	1
7162	0
7163	0
7164	0
7165	0
7166	0
7167	0
7168	0
7169	0
7170	0
7171	0
7172	0
7173	0
7174	0
7175	0
7176	0
7177	0
7178	1
7179	0
7180	0
7181	0
7182	0
7183	0
7184	0
7185	0
7186	1
7187	0
7188	0
7189	0
7190	0
7191	0
7192	0
7193	0
7194	0
7195	0
7196	0
7197	0
7198	0
7199	0
7200	0
7201	0
7202	1
7203	0
7204	0
7205	0
7206	0
7207	0
7208	0
7209	0
7210	0
7211	0
7212	0
7213	0
7214	0
7215	0
7216	0
7217	0
7218	0
7219	0
7220	0
7221	0
7222	0
7223	0
7224	0
7225	0
7226	0
7227	0
7228	0
7229	1
7230	0
7231	0
7232	0
7233	0
7234	0
7235	1
7236	0
7237	0
7238	0
7239	0
7240	0
7241	0
7242	0
7243	0
7244	0
7245	0
7246	0
7247	0
7248	0
7249	0
7250	0
7251	0
7252	0
7253	0
7254	0
7255	0
7256	0
7257	0
7258	0
7259	0
7260	0
7261	0
7262	0
7263	0
7264	0
7265	0
7266	0
7267	0
7268	0
7269	0
7270	0
7271	0
7272	0
7273	0
7274	0
7275	0
7276	0
7277	0
7278	0
7279	0
7280	0
7281	0
7282	0
7283	0
7284	0
7285	0
7286	0
7287	0
7288	0
7289	0
7290	0
7291	0
7292	0
7293	0
7294	0
7295	0
7296	0
7297	0
7298	0
7299	0
7300	0
7301	0
7302	0
7303	0
7304	0
7305	0
7306	0
7307	0
7308	0
7309	0
7310	0
7311	0
7312	0
7313	0
7314	0
7315	0
7316	0
7317	0
7318	0
7319	0
7320	0
7321	0
7322	0
7323	0
7324	0
7325	0
7326	0
7327	0
7328	0
7329	0
7330	1
7331	0
7332	0
7333	0
7334	0
7335	0
7336	0
7337	0
7338	0
7339	0
7340	0
7341	0
7342	0
7343	0
7344	0
7345	0
7346	0
7347	0
7348	0
7349	0
7350	0
7351	0
7352	0
7353	0
7354	0
7355	0
7356	0
7357	0
7358	0
7359	0
7360	0
7361	0
7362	0
7363	0
7364	0
7365	0
7366	0
7367	0
7368	0
7369	0
7370	0
7371	0
7372	0
7373	0
7374	0
7375	0
7376	0
7377	0
7378	0
7379	0
7380	0
7381	0
7382	0
7383	0
7384	0
7385	0
7386	0
7387	0
7388	0
7389	0
7390	0
7391	0
7392	0
7393	0
7394	0
7395	0
7396	0
7397	0
7398	0
7399	0
7400	0
7401	0
7402	0
7403	0
7404	0
7405	0
7406	0
7407	0
7408	0
7409	0
7410	0
7411	0
7412	0
7413	0
7414	0
7415	0
7416	0
7417	0
7418	0
7419	0
7420	0
7421	0
7422	0
7423	0
7424	0
7425	0
7426	0
7427	0
7428	0
7429	0
7430	0
7431	0
7432	0
7433	0
7434	0
7435	0
7436	0
7437	0
7438	0
7439	0
7440	0
7441	0
7442	0
7443	1
7444	0
7445	0
7446	0
7447	0
7448	0
7449	0
7450	0
7451	0
7452	0
7453	0
7454	0
7455	0
7456	0
7457	0
7458	0
7459	0
7460	0
7461	0
7462	0
7463	0
7464	0
7465	0
7466	0
7467	0
7468	0
7469	0
7470	0
7471	0
7472	0
7473	2
7474	0
7475	0
7476	0
7477	0
7478	0
7479	0
7480	0
7481	0
7482	0
7483	0
7484	0
7485	0
7486	0
7487	0
7488	0
7489	0
7490	0
7491	0
7492	0
7493	0
7494	0
7495	0
7496	0
7497	0
7498	0
7499	0
7500	0
7501	0
7502	0
7503	0
7504	0
7505	0
7506	1
7507	0
7508	0
7509	0
7510	0
7511	0
7512	0
7513	0
7514	0
7515	0
7516	0
7517	0
7518	0
7519	0
7520	1
